city,country
Anshan,China
Changchun,China
Changzhou,China
Chengdu,China
Dalian,China
Datong,China
Foshan,China
Fuzhou,China
Guangzhou,China
Guiyang,China
Handan,China
Hangzhou,China
Harbin,China
Hefei,China
Jilin,China
Jinan,China
Kunming,China
Lanzhou,China
Luoyang,China
Nanchang,China
Nanjing,China
Nanning,China
Qingdao,China
Qiqihar,China
Shanghai,China
Shenyang,China
Shenzhen,China
Suzhou,China
Taiyuan,China
Tangshan,China
Tianjin,China
Wuhan,China
Wuxi,China
Xian,China
Xuzhou,China
