city,year,avg_temp
Guangzhou,1840,20.98
Guangzhou,1841,21.02
Guangzhou,1842,21.16
Guangzhou,1843,21.25
Guangzhou,1844,20.86
Guangzhou,1845,20.84
Guangzhou,1846,21.46
Guangzhou,1847,21.07
Guangzhou,1848,20.75
Guangzhou,1849,21.03
Guangzhou,1850,21.21
Guangzhou,1851,21.33
Guangzhou,1852,21.28
Guangzhou,1853,21.78
Guangzhou,1854,21.64
Guangzhou,1855,21.09
Guangzhou,1856,20.60
Guangzhou,1857,21.12
Guangzhou,1858,21.05
Guangzhou,1859,21.28
Guangzhou,1860,21.28
Guangzhou,1861,21.02
Guangzhou,1862,20.40
Guangzhou,1863,20.88
Guangzhou,1864,20.74
Guangzhou,1865,21.65
Guangzhou,1866,21.27
Guangzhou,1867,21.57
Guangzhou,1868,21.79
Guangzhou,1869,21.53
Guangzhou,1870,21.73
Guangzhou,1871,21.52
Guangzhou,1872,21.68
Guangzhou,1873,21.28
Guangzhou,1874,21.56
Guangzhou,1875,21.47
Guangzhou,1876,20.97
Guangzhou,1877,21.49
Guangzhou,1878,21.58
Guangzhou,1879,21.66
Guangzhou,1880,20.87
Guangzhou,1881,21.25
Guangzhou,1882,21.11
Guangzhou,1883,20.77
Guangzhou,1884,20.41
Guangzhou,1885,20.67
Guangzhou,1886,20.71
Guangzhou,1887,21.05
Guangzhou,1888,21.54
Guangzhou,1889,21.39
Guangzhou,1890,21.53
Guangzhou,1891,21.46
Guangzhou,1892,20.92
Guangzhou,1893,20.70
Guangzhou,1894,21.28
Guangzhou,1895,21.20
Guangzhou,1896,21.34
Guangzhou,1897,21.36
Guangzhou,1898,21.52
Guangzhou,1899,21.25
Guangzhou,1900,21.22
Guangzhou,1901,21.34
Guangzhou,1902,22.07
Guangzhou,1903,21.13
Guangzhou,1904,21.27
Guangzhou,1905,21.09
Guangzhou,1906,21.41
Guangzhou,1907,21.41
Guangzhou,1908,21.28
Guangzhou,1909,21.62
Guangzhou,1910,21.30
Guangzhou,1911,21.41
Guangzhou,1912,21.32
Guangzhou,1913,21.20
Guangzhou,1914,22.09
Guangzhou,1915,21.93
Guangzhou,1916,21.23
Guangzhou,1917,20.87
Guangzhou,1918,21.18
Guangzhou,1919,21.69
Guangzhou,1920,21.48
Guangzhou,1921,21.60
Guangzhou,1922,21.73
Guangzhou,1923,21.98
Guangzhou,1924,21.74
Guangzhou,1925,21.26
Guangzhou,1926,21.46
Guangzhou,1927,21.47
Guangzhou,1928,21.93
Guangzhou,1929,21.83
Guangzhou,1930,21.54
Guangzhou,1931,21.54
Guangzhou,1932,21.42
Guangzhou,1933,21.65
Guangzhou,1934,21.17
Guangzhou,1935,21.75
Guangzhou,1936,21.22
Guangzhou,1937,22.02
Guangzhou,1938,22.08
Guangzhou,1939,21.77
Guangzhou,1940,22.12
Guangzhou,1941,22.14
Guangzhou,1942,22.24
Guangzhou,1943,22.20
Guangzhou,1944,21.84
Guangzhou,1945,21.74
Guangzhou,1946,22.81
Guangzhou,1947,21.68
Guangzhou,1948,22.20
Guangzhou,1949,22.27
Guangzhou,1950,22.13
Guangzhou,1951,21.72
Guangzhou,1952,22.26
Guangzhou,1953,22.09
Guangzhou,1954,21.86
Guangzhou,1955,21.86
Guangzhou,1956,21.70
Guangzhou,1957,21.60
Guangzhou,1958,21.97
Guangzhou,1959,22.04
Guangzhou,1960,22.09
Guangzhou,1961,21.98
Guangzhou,1962,21.72
Guangzhou,1963,22.17
Guangzhou,1964,21.93
Guangzhou,1965,22.04
Guangzhou,1966,22.46
Guangzhou,1967,21.53
Guangzhou,1968,21.92
Guangzhou,1969,21.43
Guangzhou,1970,21.52
Guangzhou,1971,21.66
Guangzhou,1972,21.80
Guangzhou,1973,22.23
Guangzhou,1974,21.72
Guangzhou,1975,21.84
Guangzhou,1976,21.33
Guangzhou,1977,22.18
Guangzhou,1978,21.92
Guangzhou,1979,21.98
Guangzhou,1980,22.14
Guangzhou,1981,22.06
Guangzhou,1982,21.92
Guangzhou,1983,21.70
Guangzhou,1984,21.18
Guangzhou,1985,21.56
Guangzhou,1986,22.02
Guangzhou,1987,22.57
Guangzhou,1988,21.62
Guangzhou,1989,22.10
Guangzhou,1990,22.42
Guangzhou,1991,22.21
Guangzhou,1992,21.49
Guangzhou,1993,21.57
Guangzhou,1994,22.02
Guangzhou,1995,21.47
Guangzhou,1996,21.54
Guangzhou,1997,21.86
Guangzhou,1998,22.64
Guangzhou,1999,22.33
Guangzhou,2000,22.09
Guangzhou,2001,22.12
Guangzhou,2002,22.40
Guangzhou,2003,22.47
Guangzhou,2004,22.18
Guangzhou,2005,22.06
Guangzhou,2006,22.49
Guangzhou,2007,22.54
Guangzhou,2008,21.78
Guangzhou,2009,22.42
Guangzhou,2010,22.00
Guangzhou,2011,21.68
Guangzhou,2012,21.95
Guangzhou,2013,22.93
Nanchang,1841,16.58
Nanchang,1842,16.96
Nanchang,1843,17.06
Nanchang,1844,16.78
Nanchang,1845,16.81
Nanchang,1846,17.38
Nanchang,1847,17.13
Nanchang,1848,16.58
Nanchang,1849,16.91
Nanchang,1850,17.08
Nanchang,1851,17.04
Nanchang,1852,17.09
Nanchang,1853,17.51
Nanchang,1854,17.47
Nanchang,1855,17.10
Nanchang,1856,16.73
Nanchang,1857,17.18
Nanchang,1858,16.94
Nanchang,1859,17.19
Nanchang,1860,16.85
Nanchang,1861,16.83
Nanchang,1862,16.10
Nanchang,1863,16.72
Nanchang,1864,16.49
Nanchang,1865,17.36
Nanchang,1866,17.13
Nanchang,1867,17.45
Nanchang,1868,17.50
Nanchang,1869,17.54
Nanchang,1870,17.56
Nanchang,1871,17.61
Nanchang,1872,17.59
Nanchang,1873,17.27
Nanchang,1874,17.30
Nanchang,1875,17.18
Nanchang,1876,17.01
Nanchang,1877,17.07
Nanchang,1878,17.17
Nanchang,1879,17.55
Nanchang,1880,16.73
Nanchang,1881,17.15
Nanchang,1882,17.01
Nanchang,1883,16.77
Nanchang,1884,16.38
Nanchang,1885,16.46
Nanchang,1886,16.52
Nanchang,1887,17.05
Nanchang,1888,17.36
Nanchang,1889,17.07
Nanchang,1890,17.49
Nanchang,1891,17.34
Nanchang,1892,16.98
Nanchang,1893,16.73
Nanchang,1894,17.35
Nanchang,1895,16.90
Nanchang,1896,17.22
Nanchang,1897,17.17
Nanchang,1898,17.51
Nanchang,1899,17.18
Nanchang,1900,17.16
Nanchang,1901,17.03
Nanchang,1902,17.86
Nanchang,1903,17.00
Nanchang,1904,17.09
Nanchang,1905,16.67
Nanchang,1906,17.06
Nanchang,1907,17.17
Nanchang,1908,17.27
Nanchang,1909,17.42
Nanchang,1910,16.83
Nanchang,1911,16.94
Nanchang,1912,17.06
Nanchang,1913,17.04
Nanchang,1914,17.92
Nanchang,1915,17.49
Nanchang,1916,16.92
Nanchang,1917,16.84
Nanchang,1918,16.98
Nanchang,1919,17.59
Nanchang,1920,17.29
Nanchang,1921,17.39
Nanchang,1922,17.74
Nanchang,1923,17.68
Nanchang,1924,17.48
Nanchang,1925,17.58
Nanchang,1926,17.68
Nanchang,1927,17.67
Nanchang,1928,17.99
Nanchang,1929,17.63
Nanchang,1930,17.34
Nanchang,1931,17.10
Nanchang,1932,17.50
Nanchang,1933,17.35
Nanchang,1934,17.38
Nanchang,1935,17.79
Nanchang,1936,17.22
Nanchang,1937,17.58
Nanchang,1938,18.11
Nanchang,1939,17.59
Nanchang,1940,17.85
Nanchang,1941,18.01
Nanchang,1942,17.94
Nanchang,1943,17.77
Nanchang,1944,17.58
Nanchang,1945,17.74
Nanchang,1946,18.47
Nanchang,1947,17.70
Nanchang,1948,17.91
Nanchang,1949,18.06
Nanchang,1950,17.81
Nanchang,1951,17.68
Nanchang,1952,17.62
Nanchang,1953,17.93
Nanchang,1954,17.32
Nanchang,1955,17.57
Nanchang,1956,17.24
Nanchang,1957,17.28
Nanchang,1958,17.63
Nanchang,1959,17.90
Nanchang,1960,17.85
Nanchang,1961,18.26
Nanchang,1962,17.78
Nanchang,1963,18.33
Nanchang,1964,17.89
Nanchang,1965,17.65
Nanchang,1966,18.01
Nanchang,1967,17.52
Nanchang,1968,17.88
Nanchang,1969,17.28
Nanchang,1970,17.21
Nanchang,1971,17.53
Nanchang,1972,17.34
Nanchang,1973,17.76
Nanchang,1974,17.57
Nanchang,1975,17.58
Nanchang,1976,17.23
Nanchang,1977,17.57
Nanchang,1978,18.16
Nanchang,1979,18.15
Nanchang,1980,17.36
Nanchang,1981,17.45
Nanchang,1982,17.59
Nanchang,1983,17.89
Nanchang,1984,16.96
Nanchang,1985,17.49
Nanchang,1986,17.72
Nanchang,1987,17.91
Nanchang,1988,17.57
Nanchang,1989,17.62
Nanchang,1990,18.21
Nanchang,1991,17.74
Nanchang,1992,17.75
Nanchang,1993,17.43
Nanchang,1994,18.08
Nanchang,1995,17.74
Nanchang,1996,17.60
Nanchang,1997,17.84
Nanchang,1998,18.82
Nanchang,1999,18.20
Nanchang,2000,17.89
Nanchang,2001,18.16
Nanchang,2002,18.43
Nanchang,2003,18.50
Nanchang,2004,18.54
Nanchang,2005,18.15
Nanchang,2006,18.48
Nanchang,2007,18.79
Nanchang,2008,18.26
Nanchang,2009,18.54
Nanchang,2010,18.22
Nanchang,2011,18.02
Nanchang,2012,17.75
Nanchang,2013,19.68
Shenzhen,1840,23.71
Shenzhen,1841,20.76
Shenzhen,1842,20.96
Shenzhen,1843,21.05
Shenzhen,1844,20.66
Shenzhen,1845,20.66
Shenzhen,1846,21.28
Shenzhen,1847,20.91
Shenzhen,1848,20.55
Shenzhen,1849,20.85
Shenzhen,1850,21.03
Shenzhen,1851,21.12
Shenzhen,1852,21.10
Shenzhen,1853,21.61
Shenzhen,1854,21.47
Shenzhen,1855,20.90
Shenzhen,1856,20.40
Shenzhen,1857,20.97
Shenzhen,1858,20.84
Shenzhen,1859,21.07
Shenzhen,1860,21.08
Shenzhen,1861,20.83
Shenzhen,1862,20.17
Shenzhen,1863,20.67
Shenzhen,1864,20.53
Shenzhen,1865,21.49
Shenzhen,1866,21.06
Shenzhen,1867,21.39
Shenzhen,1868,21.60
Shenzhen,1869,21.39
Shenzhen,1870,21.59
Shenzhen,1871,21.37
Shenzhen,1872,21.52
Shenzhen,1873,21.06
Shenzhen,1874,21.39
Shenzhen,1875,21.30
Shenzhen,1876,20.74
Shenzhen,1877,21.31
Shenzhen,1878,21.35
Shenzhen,1879,21.43
Shenzhen,1880,20.67
Shenzhen,1881,21.03
Shenzhen,1882,20.87
Shenzhen,1883,20.59
Shenzhen,1884,20.21
Shenzhen,1885,20.44
Shenzhen,1886,20.44
Shenzhen,1887,20.86
Shenzhen,1888,21.37
Shenzhen,1889,21.17
Shenzhen,1890,21.30
Shenzhen,1891,21.22
Shenzhen,1892,20.74
Shenzhen,1893,20.53
Shenzhen,1894,21.10
Shenzhen,1895,20.97
Shenzhen,1896,21.18
Shenzhen,1897,21.19
Shenzhen,1898,21.31
Shenzhen,1899,21.03
Shenzhen,1900,21.02
Shenzhen,1901,21.11
Shenzhen,1902,21.82
Shenzhen,1903,20.93
Shenzhen,1904,21.00
Shenzhen,1905,20.91
Shenzhen,1906,21.16
Shenzhen,1907,21.21
Shenzhen,1908,21.11
Shenzhen,1909,21.47
Shenzhen,1910,21.11
Shenzhen,1911,21.16
Shenzhen,1912,21.13
Shenzhen,1913,21.04
Shenzhen,1914,21.86
Shenzhen,1915,21.80
Shenzhen,1916,21.06
Shenzhen,1917,20.67
Shenzhen,1918,20.91
Shenzhen,1919,21.43
Shenzhen,1920,21.24
Shenzhen,1921,21.39
Shenzhen,1922,21.52
Shenzhen,1923,21.64
Shenzhen,1924,21.45
Shenzhen,1925,21.05
Shenzhen,1926,21.29
Shenzhen,1927,21.17
Shenzhen,1928,21.74
Shenzhen,1929,21.57
Shenzhen,1930,21.35
Shenzhen,1931,21.36
Shenzhen,1932,21.22
Shenzhen,1933,21.47
Shenzhen,1934,20.97
Shenzhen,1935,21.55
Shenzhen,1936,21.05
Shenzhen,1937,21.85
Shenzhen,1938,21.86
Shenzhen,1939,21.44
Shenzhen,1940,21.79
Shenzhen,1941,21.95
Shenzhen,1942,21.89
Shenzhen,1943,21.88
Shenzhen,1944,21.66
Shenzhen,1945,21.41
Shenzhen,1946,22.48
Shenzhen,1947,21.44
Shenzhen,1948,21.99
Shenzhen,1949,22.02
Shenzhen,1950,21.90
Shenzhen,1951,21.53
Shenzhen,1952,22.04
Shenzhen,1953,21.91
Shenzhen,1954,21.71
Shenzhen,1955,21.59
Shenzhen,1956,21.48
Shenzhen,1957,21.43
Shenzhen,1958,21.74
Shenzhen,1959,21.89
Shenzhen,1960,21.96
Shenzhen,1961,21.75
Shenzhen,1962,21.46
Shenzhen,1963,21.96
Shenzhen,1964,21.76
Shenzhen,1965,21.83
Shenzhen,1966,22.29
Shenzhen,1967,21.50
Shenzhen,1968,21.68
Shenzhen,1969,21.28
Shenzhen,1970,21.40
Shenzhen,1971,21.44
Shenzhen,1972,21.65
Shenzhen,1973,22.00
Shenzhen,1974,21.54
Shenzhen,1975,21.65
Shenzhen,1976,21.23
Shenzhen,1977,22.07
Shenzhen,1978,21.69
Shenzhen,1979,21.74
Shenzhen,1980,21.86
Shenzhen,1981,21.90
Shenzhen,1982,21.75
Shenzhen,1983,21.57
Shenzhen,1984,21.14
Shenzhen,1985,21.47
Shenzhen,1986,21.75
Shenzhen,1987,22.38
Shenzhen,1988,21.47
Shenzhen,1989,21.91
Shenzhen,1990,22.16
Shenzhen,1991,22.04
Shenzhen,1992,21.31
Shenzhen,1993,21.43
Shenzhen,1994,21.91
Shenzhen,1995,21.27
Shenzhen,1996,21.51
Shenzhen,1997,21.65
Shenzhen,1998,22.48
Shenzhen,1999,22.15
Shenzhen,2000,21.92
Shenzhen,2001,22.06
Shenzhen,2002,22.37
Shenzhen,2003,22.21
Shenzhen,2004,22.00
Shenzhen,2005,21.85
Shenzhen,2006,22.23
Shenzhen,2007,22.31
Shenzhen,2008,21.66
Shenzhen,2009,22.20
Shenzhen,2010,21.80
Shenzhen,2011,21.53
Shenzhen,2012,21.83
Shenzhen,2013,22.80
Wuhan,1841,15.86
Wuhan,1842,16.31
Wuhan,1843,16.41
Wuhan,1844,16.18
Wuhan,1845,16.20
Wuhan,1846,16.75
Wuhan,1847,16.53
Wuhan,1848,15.98
Wuhan,1849,16.28
Wuhan,1850,16.38
Wuhan,1851,16.31
Wuhan,1852,16.37
Wuhan,1853,16.78
Wuhan,1854,16.78
Wuhan,1855,16.49
Wuhan,1856,16.14
Wuhan,1857,16.52
Wuhan,1858,16.34
Wuhan,1859,16.59
Wuhan,1860,16.11
Wuhan,1861,16.15
Wuhan,1862,15.46
Wuhan,1863,16.15
Wuhan,1864,15.84
Wuhan,1865,16.65
Wuhan,1866,16.51
Wuhan,1867,16.83
Wuhan,1868,16.82
Wuhan,1869,16.93
Wuhan,1870,16.86
Wuhan,1871,16.94
Wuhan,1872,16.94
Wuhan,1873,16.69
Wuhan,1874,16.64
Wuhan,1875,16.54
Wuhan,1876,16.47
Wuhan,1877,16.36
Wuhan,1878,16.50
Wuhan,1879,16.90
Wuhan,1880,16.10
Wuhan,1881,16.52
Wuhan,1882,16.41
Wuhan,1883,16.14
Wuhan,1884,15.75
Wuhan,1885,15.82
Wuhan,1886,15.95
Wuhan,1887,16.39
Wuhan,1888,16.63
Wuhan,1889,16.40
Wuhan,1890,16.86
Wuhan,1891,16.71
Wuhan,1892,16.36
Wuhan,1893,16.09
Wuhan,1894,16.74
Wuhan,1895,16.25
Wuhan,1896,16.57
Wuhan,1897,16.49
Wuhan,1898,16.95
Wuhan,1899,16.66
Wuhan,1900,16.55
Wuhan,1901,16.43
Wuhan,1902,17.23
Wuhan,1903,16.40
Wuhan,1904,16.53
Wuhan,1905,15.88
Wuhan,1906,16.33
Wuhan,1907,16.55
Wuhan,1908,16.69
Wuhan,1909,16.73
Wuhan,1910,16.05
Wuhan,1911,16.23
Wuhan,1912,16.48
Wuhan,1913,16.50
Wuhan,1914,17.37
Wuhan,1915,16.69
Wuhan,1916,16.11
Wuhan,1917,16.23
Wuhan,1918,16.31
Wuhan,1919,17.00
Wuhan,1920,16.66
Wuhan,1921,16.66
Wuhan,1922,17.14
Wuhan,1923,17.01
Wuhan,1924,16.82
Wuhan,1925,17.12
Wuhan,1926,17.07
Wuhan,1927,17.14
Wuhan,1928,17.42
Wuhan,1929,16.84
Wuhan,1930,16.77
Wuhan,1931,16.42
Wuhan,1932,17.04
Wuhan,1933,16.61
Wuhan,1934,16.89
Wuhan,1935,17.17
Wuhan,1936,16.66
Wuhan,1937,16.77
Wuhan,1938,17.43
Wuhan,1939,17.12
Wuhan,1940,17.33
Wuhan,1941,17.41
Wuhan,1942,17.40
Wuhan,1943,17.13
Wuhan,1944,16.86
Wuhan,1945,17.20
Wuhan,1946,17.80
Wuhan,1947,17.15
Wuhan,1948,17.23
Wuhan,1949,17.36
Wuhan,1950,17.02
Wuhan,1951,16.96
Wuhan,1952,16.89
Wuhan,1953,17.46
Wuhan,1954,16.51
Wuhan,1955,16.90
Wuhan,1956,16.50
Wuhan,1957,16.49
Wuhan,1958,16.95
Wuhan,1959,17.36
Wuhan,1960,17.12
Wuhan,1961,17.81
Wuhan,1962,17.11
Wuhan,1963,17.47
Wuhan,1964,17.14
Wuhan,1965,17.03
Wuhan,1966,17.30
Wuhan,1967,16.80
Wuhan,1968,17.28
Wuhan,1969,16.45
Wuhan,1970,16.60
Wuhan,1971,16.74
Wuhan,1972,16.64
Wuhan,1973,17.13
Wuhan,1974,16.88
Wuhan,1975,17.08
Wuhan,1976,16.65
Wuhan,1977,16.94
Wuhan,1978,17.61
Wuhan,1979,17.53
Wuhan,1980,16.63
Wuhan,1981,16.85
Wuhan,1982,16.88
Wuhan,1983,17.15
Wuhan,1984,16.40
Wuhan,1985,16.81
Wuhan,1986,17.03
Wuhan,1987,17.17
Wuhan,1988,17.04
Wuhan,1989,16.78
Wuhan,1990,17.65
Wuhan,1991,16.91
Wuhan,1992,17.15
Wuhan,1993,16.65
Wuhan,1994,17.54
Wuhan,1995,17.33
Wuhan,1996,16.90
Wuhan,1997,17.43
Wuhan,1998,18.16
Wuhan,1999,17.61
Wuhan,2000,17.44
Wuhan,2001,17.69
Wuhan,2002,17.79
Wuhan,2003,17.48
Wuhan,2004,17.97
Wuhan,2005,17.55
Wuhan,2006,18.03
Wuhan,2007,18.24
Wuhan,2008,17.60
Wuhan,2009,17.82
Wuhan,2010,17.57
Wuhan,2011,17.39
Wuhan,2012,17.15
Wuhan,2013,19.29
